benchmark,dataset,n_samples,n_features
TabArena,airfoil_self_noise,1503,6
TabArena,Amazon_employee_access,32769,10
TabArena,anneal,898,39
TabArena,Another-Dataset-on-used-Fiat-500,1538,8
TabArena,APSFailure,76000,171
TabArena,bank-marketing,45211,14
TabArena,Bank_Customer_Churn,10000,11
TabArena,Bioresponse,3751,1777
TabArena,blood-transfusion-service-center,748,5
TabArena,churn,5000,20
TabArena,coil2000_insurance_policies,9822,86
TabArena,concrete_compressive_strength,1030,9
TabArena,credit-g,1000,21
TabArena,credit_card_clients_default,30000,24
TabArena,customer_satisfaction_in_airline,129880,22
TabArena,diabetes,768,9
TabArena,Diabetes130US,71518,48
TabArena,diamonds,53940,10
TabArena,E-CommereShippingData,10999,11
TabArena,Fitness_Club,1500,7
TabArena,Food_Delivery_Time,45451,10
TabArena,GiveMeSomeCredit,150000,11
TabArena,hazelnut-spread-contaminant-detection,2400,31
TabArena,healthcare_insurance_expenses,1338,7
TabArena,heloc,10459,24
TabArena,hiva_agnostic,3845,1618
TabArena,houses,20640,9
TabArena,HR_Analytics_Job_Change_of_Data_Scientists,19158,13
TabArena,in_vehicle_coupon_recommendation,12684,25
TabArena,Is-this-a-good-customer,1723,14
TabArena,jm1,10885,22
TabArena,kddcup09_appetency,50000,213
TabArena,Marketing_Campaign,2240,26
TabArena,maternal_health_risk,1014,7
TabArena,miami_housing,13776,16
TabArena,MIC,1699,112
TabArena,NATICUSdroid,7491,87
TabArena,online_shoppers_intention,12330,18
TabArena,physiochemical_protein,45730,10
TabArena,polish_companies_bankruptcy,5910,65
TabArena,qsar-biodeg,1054,42
TabArena,QSAR-TID-11,5742,1025
TabArena,QSAR_fish_toxicity,907,7
TabArena,SDSS17,78053,12
TabArena,seismic-bumps,2584,16
TabArena,splice,3190,61
TabArena,students_dropout_and_academic_success,4424,37
TabArena,superconductivity,21263,82
TabArena,taiwanese_bankruptcy_prediction,6819,95
TabArena,website_phishing,1353,10
TabArena,wine_quality,6497,13
TALENT,1000-Cameras-Dataset,1038,10
TALENT,2dplanes,40768,10
TALENT,RSSI_Estimation,5760,6
TALENT,RSSI_Estimation_1,14400,12
TALENT,ASP-POTASSCO,1294,141
TALENT,Abalone_reg,4177,8
TALENT,Ailerons,13750,40
TALENT,Amazon_employee_access,32769,7
TALENT,Fiat,1538,6
TALENT,BLE_RSSI_localization,9984,3
TALENT,BNG(breast-w),39366,9
TALENT,BNG(cmc),55296,9
TALENT,BNG(echoMonths),17496,8
TALENT,BNG(lowbwt),31104,9
TALENT,BNG(mv),78732,10
TALENT,BNG(stock),59049,9
TALENT,BNG(tic-tac-toe),39366,9
TALENT,Bank_Customer_Churn,10000,10
TALENT,Basketball_c,1340,11
TALENT,Bias_correction_r,7725,21
TALENT,Bias_correction_r_2,7725,21
TALENT,Brazilian_houses,10692,8
TALENT,CPMP-2015-regression,2108,25
TALENT,CPS1988,28155,6
TALENT,California-Housing-Cls,20640,8
TALENT,Cardiovascular-Disease,70000,11
TALENT,Click_prediction,39948,3
TALENT,Contaminant-10.0GHz,2400,30
TALENT,Contaminant-10.5GHz,2400,30
TALENT,Contaminant-11.0GHz,2400,30
TALENT,Contaminant-9.0GHz,2400,30
TALENT,Contaminant-9.5GHz,2400,30
TALENT,CookbookReviews,18182,7
TALENT,Credit_c,100000,22
TALENT,Customer_Personality,2240,24
TALENT,Data_Science_Salaries,3755,5
TALENT,Retinopathy_Debrecen,1151,19
TALENT,Diamonds,53940,9
TALENT,E-CommereShippingData,10999,10
TALENT,Employee,4653,8
TALENT,FICO-HELOC-cleaned,9871,23
TALENT,FOREX_audcad-day-High,1834,10
TALENT,FOREX_audcad-hour-High,43825,10
TALENT,FOREX_audchf-day-High,1833,10
TALENT,FOREX_audjpy-day-High,1832,10
TALENT,FOREX_audjpy-hour-High,43825,10
TALENT,FOREX_audsgd-hour-High,43825,10
TALENT,FOREX_audusd-hour-High,43825,10
TALENT,FOREX_cadjpy-day-High,1834,10
TALENT,FOREX_cadjpy-hour-High,43825,10
TALENT,Facebook_Comment_Volume,40949,53
TALENT,Firm-Teacher-Direction,10800,16
TALENT,Fitness_Club_c,1500,6
TALENT,Food_Delivery_Time,45593,8
TALENT,GAMETES_Epistasis,1600,20
TALENT,GAMETES_Heterogeneity,1600,20
TALENT,Gender_Gap_in_Spanish,4746,13
TALENT,Gesture_Phase_Segment,9873,32
TALENT,Goodreads-Computer-Book,1234,5
TALENT,HR_Analytics,19158,13
TALENT,Heart-Disease-Dataset,1190,11
TALENT,IEEE80211aa-GATS,4046,27
TALENT,INNHotelsGroup,36275,17
TALENT,Indian_pines,9144,220
TALENT,Insurance,23548,10
TALENT,Intersectional-Bias,11000,19
TALENT,Is-this-a-good-customer,1723,13
TALENT,JapaneseVowels,9961,14
TALENT,Job_Profitability,14480,28
TALENT,KDD,5032,45
TALENT,KDDCup09_upselling,5128,49
TALENT,bike_sharing_demand,10886,9
TALENT,Laptop_Prices_Dataset,4441,8
TALENT,Wave_Energy_Perth_100,7277,201
TALENT,Wave_Energy_Sydney_100,2318,201
TALENT,Wave_Energy_Sydney_49,17964,99
TALENT,Long,4477,19
TALENT,MIC,1649,104
TALENT,MIP-2016-regression,1090,144
TALENT,MagicTelescope,19020,9
TALENT,Marketing_Campaign,2240,27
TALENT,MiamiHousing2016,13932,16
TALENT,Mobile_Phone_in_Ghana,3600,14
TALENT,Mobile_Price,2000,20
TALENT,Moneyball,1232,14
TALENT,NASA_PHM2008,45918,21
TALENT,NHANES_age_prediction,2277,7
TALENT,Nutrition_Health_Survey,2278,7
TALENT,OnlineNewsPopularity,39644,59
TALENT,Parkinson_Sound_Record,1040,26
TALENT,Parkinson_Telemonitor,5875,19
TALENT,Performance-Prediction,1340,19
TALENT,PhishingWebsites,11055,30
TALENT,Physicochemical_r,45730,9
TALENT,PieChart3,1077,37
TALENT,Pima_Indians_Diabetes,768,8
TALENT,PizzaCutter3,1043,37
TALENT,Pumpkin_Seeds,2500,12
TALENT,QSAR_biodegradation,1054,41
TALENT,Rain_in_Australia,145460,18
TALENT,adult,48842,14
TALENT,airfoil_self_noise,1503,5
TALENT,airlines_2000,2000,7
TALENT,allbp,3772,29
TALENT,allrep,3772,29
TALENT,analcatdata_authorship,841,69
TALENT,analcatdata_supreme,4052,7
TALENT,archive2,1143,12
TALENT,archive_r56_Portuguese,651,30
TALENT,artificial-characters,10218,7
TALENT,auction_verification,2043,7
TALENT,autoUniv-au4-2500,2500,100
TALENT,autoUniv-au7-1100,1100,12
TALENT,avocado_sales,18249,13
TALENT,bank,45211,16
TALENT,bank32nh,8192,32
TALENT,bank8FM,8192,8
TALENT,banknote_authentication,1372,4
TALENT,baseball,1340,16
TALENT,boston,506,13
TALENT,car-evaluation,1728,21
TALENT,chscase_foot,526,5
TALENT,churn,5000,20
TALENT,cmc,1473,9
TALENT,colleges,7063,44
TALENT,combined_cycle_plant,9568,4
TALENT,communities_and_crime,1994,102
TALENT,company_bankruptcy,6819,95
TALENT,compass,16644,17
TALENT,compressive_strength,1030,8
TALENT,connect-4,67557,42
TALENT,contraceptive_method,1473,9
TALENT,cpu_act,8192,21
TALENT,cpu_small,8192,12
TALENT,credit,16714,10
TALENT,credit-g,1000,20
TALENT,airline_satisfaction,129880,21
TALENT,dabetes_us_hospitals,101766,20
TALENT,dataset_sales,10738,10
TALENT,debutanizer,2394,7
TALENT,credit_card_defaults,30000,23
TALENT,delta_ailerons,7129,5
TALENT,delta_elevators,9517,6
TALENT,dis,3772,29
TALENT,dna,3186,180
TALENT,drug_consumption,1884,12
TALENT,dry_bean_dataset,13611,16
TALENT,eeg-eye-state,14980,14
TALENT,electricity,45312,8
TALENT,elevators,16599,18
TALENT,estimation_of_obesity,2111,16
TALENT,eucalyptus,736,19
TALENT,eye_movements,10936,27
TALENT,eye_movements_bin,7608,20
TALENT,fifa,18063,5
TALENT,first-order-theorem,6118,51
TALENT,fried,40768,10
TALENT,garments_productivity,1197,13
TALENT,gas-drift,13910,128
TALENT,gas_turbine_emission,36733,10
TALENT,golf_play_extended,1095,9
TALENT,healthcare_expenses,1338,6
TALENT,helena,65196,27
TALENT,heloc,10000,22
TALENT,hill-valley,1212,100
TALENT,house_16H,13488,16
TALENT,house_16H_reg,22784,16
TALENT,house_8L,22784,8
TALENT,house_prices_nominal,1460,79
TALENT,house_sales_reduced,21613,18
TALENT,houses,20640,8
TALENT,housing_price_prediction,545,12
TALENT,htru,17898,8
TALENT,ibm-employee-performance,1470,30
TALENT,in_vehicle_coupon,12684,21
TALENT,internet_firewall,65532,7
TALENT,internet_usage,10108,70
TALENT,jasmine,2984,144
TALENT,jm1,10885,21
TALENT,jungle_chess_endgame,44819,6
TALENT,kc1,2109,21
TALENT,kdd_ipums_la_97-small,5188,20
TALENT,kin8nm,8192,8
TALENT,kr-vs-k,28056,6
TALENT,kr-vs-kp,3196,36
TALENT,kropt,28056,6
TALENT,law-school-admission,20800,11
TALENT,led24,3200,24
TALENT,led7,3200,7
TALENT,letter,20000,15
TALENT,madeline,3140,259
TALENT,mammography,11183,6
TALENT,maternal_health_risk,1014,6
TALENT,mauna-loa-atmospheric,2225,6
TALENT,mfeat-factors,2000,216
TALENT,mfeat-fourier,2000,76
TALENT,mfeat-karhunen,2000,64
TALENT,mfeat-morphological,2000,6
TALENT,mfeat-pixel,2000,240
TALENT,mfeat-zernike,2000,47
TALENT,mice_protein_expression,1080,75
TALENT,microaggregation2,20000,20
TALENT,mobile_c36_oversampling,51760,6
TALENT,mozilla4,15545,4
TALENT,mv,40768,10
TALENT,naticusdroid_permissions,29332,86
TALENT,longitudinal-survey,4908,16
TALENT,okcupid_stem,26677,13
TALENT,100-plants-margin,1600,64
TALENT,100-plants-shape,1600,64
TALENT,100-plants-texture,1599,64
TALENT,online_shoppers,12330,14
TALENT,optdigits,5620,64
TALENT,ozone-level-8hr,2534,72
TALENT,ozone_level,2536,36
TALENT,page-blocks,5473,10
TALENT,pc1,1109,21
TALENT,pc3,1563,37
TALENT,pc4,1458,37
TALENT,pendigits,10992,16
TALENT,philippine,5832,308
TALENT,phoneme,5404,5
TALENT,pol,10082,26
TALENT,pol_reg,15000,48
TALENT,pole,14998,26
TALENT,predict_students_dropout,4424,34
TALENT,puma32H,8192,32
TALENT,puma8NH,8192,8
TALENT,qsar_aquatic_toxicity,546,8
TALENT,qsar_fish_toxicity,908,6
TALENT,rice_cammeo_and_osmancik,3810,7
TALENT,ringnorm,7400,20
TALENT,rl,4970,12
TALENT,satellite_image,6435,36
TALENT,satimage,6430,36
TALENT,segment,2310,17
TALENT,seismic+bumps,2584,18
TALENT,semeion,1593,256
TALENT,sensory,576,11
TALENT,shill-bidding,6321,3
TALENT,shrutime,10000,10
TALENT,shuttle,58000,9
TALENT,socmob,1156,5
TALENT,space_ga,3107,6
TALENT,spambase,4601,57
TALENT,splice,3190,60
TALENT,sports_articles,1000,59
TALENT,statlog,1000,20
TALENT,steel_industry_energy,35040,10
TALENT,steel_plates_faults,1941,27
TALENT,stock,950,9
TALENT,stock_fardamento02,6277,6
TALENT,sulfur,10081,6
TALENT,svmguide3,1243,22
TALENT,sylvine,5124,20
TALENT,taiwanese_bankruptcy,6819,95
TALENT,telco-customer-churn,7043,18
TALENT,texture,5500,40
TALENT,thyroid,7200,21
TALENT,thyroid-ann,3772,21
TALENT,thyroid-dis,2800,26
TALENT,topo_2_1,8885,266
TALENT,treasury,1049,15
TALENT,turiye_student,5820,32
TALENT,twonorm,7400,20
TALENT,us_crime,1994,126
TALENT,vehicle,846,18
TALENT,volume,50993,53
TALENT,walking-activity,149332,4
TALENT,wall-robot-navigation,5456,24
TALENT,water_quality,7996,20
TALENT,waveform-v2,5000,40
TALENT,waveform-v1,5000,21
TALENT,weather_izmir,1461,9
TALENT,website_phishing,1353,9
TALENT,wind,6574,14
TALENT,wine,2554,4
TALENT,wine+quality,6497,11
TALENT,wine-quality-red,1599,4
TALENT,wine-quality-white,4898,11
TALENT,yeast,1484,8
TALENT,yprop_4_1,8885,251
TALENT,ada,4147,49
TALENT,ada_agnostic,4562,49
TALENT,ada_prior,4562,15
TALENT,airlines_seed_0_nrows_2000,2000,100
TALENT,Shipping,10999,10
TALENT,Telecom_Churn_Dataset,3333,20
TALENT,VulNoneVul,5692,17
TALENT,Water_Quality_and_Potability,3276,10
TALENT,Waterstress,1188,23
TALENT,Wilt,4839,6
TALENT,abalone,4177,9
TALENT,accelerometer,13197,4
TALENT,SDSS17,100000,17
TALENT,UJI_Pen_Characters,6877,241
TALENT,Goodreads-Computer-Books,1234,9
TALENT,SAT11-HAND-runtime-regression,4440,117
TALENT,Shop_Customer_Data,2000,8
TALENT,Superconductivty,21263,82
UCR,AbnormalHeartbeat,606,3053
UCR,ACSF1,200,1460
UCR,Adiac,781,176
UCR,ArrowHead,211,251
UCR,Beef,60,470
UCR,BeetleFly,40,512
UCR,BinaryHeartbeat,409,18530
UCR,BirdChicken,40,512
UCR,BME,180,128
UCR,Car,120,577
UCR,CardiacArrhythmia,45577,1500
UCR,CatsDogs,275,14773
UCR,CBF,930,128
UCR,Chinatown,365,24
UCR,ChlorineConcentration,4307,166
UCR,CinCECGTorso,1420,1639
UCR,Coffee,56,286
UCR,Colposcopy,200,180
UCR,Computers,500,720
UCR,CricketX,780,300
UCR,CricketY,780,300
UCR,CricketZ,780,300
UCR,Crop,24000,46
UCR,DiatomSizeReduction,322,345
UCR,DistalPhalanxOutlineAgeGroup,539,80
UCR,DistalPhalanxOutlineCorrect,876,80
UCR,DistalPhalanxTW,539,80
UCR,DodgerLoopDay,158,288
UCR,DodgerLoopGame,158,288
UCR,DodgerLoopWeekend,158,288
UCR,DucksAndGeese,100,236784
UCR,Earthquakes,461,512
UCR,ECG200,200,96
UCR,ECG5000,5000,140
UCR,ECGFiveDays,884,136
UCR,ElectricDeviceDetection,4390,256
UCR,ElectricDevices,16637,96
UCR,EOGHorizontalSignal,724,1250
UCR,EOGVerticalSignal,724,1250
UCR,EpilepticSeizures,11500,178
UCR,EthanolLevel,1004,1751
UCR,FaceAll,2250,131
UCR,FaceFour,112,350
UCR,FacesUCR,2250,131
UCR,FaultDetectionA,13640,5120
UCR,FaultDetectionB,13640,5120
UCR,FiftyWords,905,270
UCR,Fish,350,463
UCR,FordA,4921,500
UCR,FordB,4446,500
UCR,FreezerRegularTrain,3000,301
UCR,FreezerSmallTrain,2878,301
UCR,FruitFlies,34518,5000
UCR,Fungi,204,201
UCR,GestureMidAirD1,338,360
UCR,GestureMidAirD2,338,360
UCR,GestureMidAirD3,338,360
UCR,GunPoint,200,150
UCR,GunPointAgeSpan,451,150
UCR,GunPointMaleVersusFemale,451,150
UCR,GunPointOldVersusYoung,451,150
UCR,Ham,214,431
UCR,HandOutlines,1370,2709
UCR,Haptics,463,1092
UCR,Herring,128,512
UCR,HouseTwenty,135,3000
UCR,InlineSkate,650,1882
UCR,InsectEPGRegularTrain,311,601
UCR,InsectEPGSmallTrain,266,601
UCR,InsectSound,50000,600
UCR,ItalyPowerDemand,1096,24
UCR,KeplerLightCurves,1319,4767
UCR,LargeKitchenAppliances,750,720
UCR,Lightning2,121,637
UCR,Lightning7,143,319
UCR,Mallat,2400,1024
UCR,Meat,120,448
UCR,MedicalImages,1141,99
UCR,MelbournePedestrian,3633,24
UCR,MiddlePhalanxOutlineAgeGroup,554,80
UCR,MiddlePhalanxOutlineCorrect,891,80
UCR,MiddlePhalanxTW,553,80
UCR,MixedShapesRegularTrain,2925,1024
UCR,MixedShapesSmallTrain,2525,1024
UCR,MosquitoSound,279766,3750
UCR,MoteStrain,1272,84
UCR,NerveDamage,204,1500
UCR,NonInvasiveFetalECGThorax1,3765,750
UCR,NonInvasiveFetalECGThorax2,3765,750
UCR,OliveOil,60,570
UCR,OSULeaf,442,427
UCR,PhalangesOutlinesCorrect,2658,80
UCR,Phoneme,2110,1024
UCR,PigAirwayPressure,312,2000
UCR,PigArtPressure,312,2000
UCR,PigCVP,312,2000
UCR,Plane,210,144
UCR,PowerCons,360,144
UCR,ProximalPhalanxOutlineAgeGroup,605,80
UCR,ProximalPhalanxOutlineCorrect,891,80
UCR,ProximalPhalanxTW,605,80
UCR,RefrigerationDevices,750,720
UCR,RightWhaleCalls,12896,4000
UCR,Rock,70,2844
UCR,ScreenType,750,720
UCR,SemgHandGenderCh2,900,1500
UCR,SemgHandMovementCh2,900,1500
UCR,SemgHandSubjectCh2,900,1500
UCR,ShapeletSim,200,500
UCR,ShapesAll,1200,512
UCR,SharePriceIncrease,1930,60
UCR,Sleep,569100,178
UCR,SmallKitchenAppliances,750,720
UCR,SmoothSubspace,300,15
UCR,SonyAIBORobotSurface1,621,70
UCR,SonyAIBORobotSurface2,980,65
UCR,StarLightCurves,9236,1024
UCR,Strawberry,983,235
UCR,SwedishLeaf,1125,128
UCR,Symbols,1020,398
UCR,SyntheticControl,600,60
UCR,ToeSegmentation1,268,277
UCR,ToeSegmentation2,166,343
UCR,Trace,200,275
UCR,TwoLeadECG,1162,82
UCR,TwoPatterns,5000,128
UCR,UMD,180,150
UCR,UrbanSound,5425,44100
UCR,UWaveGestureLibraryAll,4478,945
UCR,UWaveGestureLibraryX,4478,315
UCR,UWaveGestureLibraryY,4478,315
UCR,UWaveGestureLibraryZ,4478,315
UCR,Wafer,7164,152
UCR,Wine,111,234
UCR,WordSynonyms,905,270
UCR,Worms,258,900
UCR,WormsTwoClass,258,900
UCR,Yoga,3300,426
UEA,ArticularyWordRecognition,575,144
UEA,AtrialFibrillation,30,640
UEA,BasicMotions,80,100
UEA,Blink,950,510
UEA,CounterMovementJump,598,4250
UEA,Cricket,180,1197
UEA,DuckDuckGeese,100,270
UEA,EigenWorms,259,17984
UEA,EMOPain,1143,180
UEA,Epilepsy,275,207
UEA,ERing,300,65
UEA,EthanolConcentration,524,1751
UEA,EyesOpenShut,98,128
UEA,FaceDetection,9414,62
UEA,FingerMovements,416,50
UEA,HandMovementDirection,234,400
UEA,Handwriting,1000,152
UEA,Heartbeat,409,405
UEA,JapaneseVowels,640,29
UEA,Libras,360,45
UEA,LSST,4925,36
UEA,MindReading,1380,200
UEA,MotionSenseHAR,361,200
UEA,MotorImagery,378,3000
UEA,NATOPS,360,51
UEA,PEMS-SF,440,144
UEA,PenDigits,10992,8
UEA,PhonemeSpectra,6668,217
UEA,RacketSports,303,30
UEA,SelfRegulationSCP1,561,896
UEA,SelfRegulationSCP2,380,1152
UEA,SpokenArabicDigits,8798,93
UEA,StandWalkJump,27,2500
UEA,Tiselac,99687,23
UEA,UWaveGestureLibrary,4479,315
UEA,WalkingSittingStanding,10299,206
